matricule_libelle|da|statut_signature
CMD-01|[{"reference": "VEH-001", "qte_initial": "1"}]|non_signe
CMD-02|[{"reference": "VEH-002", "qte_initial": "1"}]|non_signe
CMD-03|[{"reference": "VEH-003", "qte_initial": "1"}]|non_signe
CMD-04|[{"reference": "VEH-004", "qte_initial": "1"}]|non_signe
CMD-05|[{"reference": "VEH-005", "qte_initial": "1"}]|non_signe
CMD-06|[{"reference": "VEH-006", "qte_initial": "1"}]|non_signe
CMD-07|[{"reference": "VEH-007", "qte_initial": "1"}]|non_signe
CMD-08|[{"reference": "VEH-008", "qte_initial": "1"}]|non_signe
CMD-09|[{"reference": "VEH-009", "qte_initial": "1"}]|non_signe
CMD-10|[{"reference": "VEH-010", "qte_initial": "1"}]|non_signe
CMD-11|[{"reference": "VEH-011", "qte_initial": "1"}]|non_signe
CMD-12|[{"reference": "VEH-012", "qte_initial": "1"}]|non_signe
CMD-13|[{"reference": "VEH-013", "qte_initial": "1"}]|non_signe
CMD-14|[{"reference": "VEH-014", "qte_initial": "1"}]|non_signe
CMD-15|[{"reference": "VEH-015", "qte_initial": "1"}]|non_signe
CMD-16|[{"reference": "VEH-016", "qte_initial": "1"}]|non_signe
CMD-17|[{"reference": "VEH-017", "qte_initial": "1"}]|non_signe
CMD-18|[{"reference": "VEH-018", "qte_initial": "1"}]|non_signe
CMD-19|[{"reference": "VEH-019", "qte_initial": "1"}]|non_signe
CMD-20|[{"reference": "VEH-020", "qte_initial": "1"}]|non_signe
CMD-21|[{"reference": "VEH-021", "qte_initial": "1"}]|non_signe
CMD-22|[{"reference": "VEH-022", "qte_initial": "1"}]|non_signe
CMD-23|[{"reference": "VEH-023", "qte_initial": "1"}]|non_signe
CMD-24|[{"reference": "VEH-024", "qte_initial": "1"}]|non_signe
CMD-25|[{"reference": "VEH-025", "qte_initial": "1"}]|non_signe
CMD-26|[{"reference": "VEH-026", "qte_initial": "1"}]|non_signe
CMD-27|[{"reference": "VEH-027", "qte_initial": "1"}]|non_signe
CMD-28|[{"reference": "VEH-028", "qte_initial": "1"}]|non_signe
CMD-29|[{"reference": "VEH-029", "qte_initial": "1"}]|non_signe
CMD-30|[{"reference": "VEH-030", "qte_initial": "1"}]|non_signe
CMD-31|[{"reference": "VEH-031", "qte_initial": "1"}]|non_signe
CMD-32|[{"reference": "VEH-032", "qte_initial": "1"}]|non_signe
CMD-33|[{"reference": "VEH-033", "qte_initial": "1"}]|non_signe
CMD-34|[{"reference": "VEH-034", "qte_initial": "1"}]|non_signe
CMD-35|[{"reference": "VEH-035", "qte_initial": "1"}]|non_signe
CMD-36|[{"reference": "VEH-036", "qte_initial": "1"}]|non_signe
CMD-37|[{"reference": "VEH-037", "qte_initial": "1"}]|non_signe
CMD-38|[{"reference": "VEH-038", "qte_initial": "1"}]|non_signe
CMD-39|[{"reference": "VEH-039", "qte_initial": "1"}]|non_signe
CMD-40|[{"reference": "VEH-040", "qte_initial": "1"}]|non_signe
CMD-41|[{"reference": "VEH-041", "qte_initial": "1"}]|non_signe
CMD-42|[{"reference": "VEH-042", "qte_initial": "1"}]|non_signe
CMD-43|[{"reference": "VEH-043", "qte_initial": "1"}]|non_signe
CMD-44|[{"reference": "VEH-044", "qte_initial": "1"}]|non_signe
CMD-45|[{"reference": "VEH-045", "qte_initial": "1"}]|non_signe
CMD-46|[{"reference": "VEH-046", "qte_initial": "1"}]|non_signe
CMD-47|[{"reference": "VEH-047", "qte_initial": "1"}]|non_signe
CMD-48|[{"reference": "VEH-048", "qte_initial": "1"}]|non_signe
CMD-49|[{"reference": "VEH-049", "qte_initial": "1"}]|non_signe
CMD-50|[{"reference": "VEH-050", "qte_initial": "1"}]|non_signe
